internship_id,role,company,skills,qualification,location,internship_category,description
1,Software Developer,TechCorp,python|java|sql,B.Tech,Hyderabad,Development,Full-stack development internship with focus on Python and Java
2,Data Scientist,DataTech,python|ml|statistics,M.Tech,Bangalore,Data Science,Machine learning and data analysis internship
3,Frontend Developer,WebSolutions,javascript|react|html,B.Tech,Mumbai,Development,Frontend development with React.js
4,ML Engineer,AICompany,python|tensorflow|ml,M.Tech,Pune,Machine Learning,Deep learning and AI model development
5,Backend Developer,CloudTech,java|spring|mongodb,B.Tech,Chennai,Development,Backend development with Java Spring
6,Data Analyst,AnalyticsPro,sql|python|tableau,B.Tech,Delhi,Data Science,Business analytics and data visualization
7,Full Stack Developer,DigitalSolutions,javascript|node|react,B.Tech,Bangalore,Development,MERN stack development
8,AI Researcher,ResearchLabs,python|ml|deep_learning,PhD,Hyderabad,Research,AI research and algorithm development
9,DevOps Engineer,CloudOps,docker|kubernetes|aws,B.Tech,Mumbai,DevOps,Cloud infrastructure and deployment
10,Mobile Developer,AppTech,kotlin|android|flutter,B.Tech,Pune,Mobile,Mobile app development for Android
11,Data Engineer,BigData,spark|hadoop|python,M.Tech,Bangalore,Data Engineering,Big data processing and pipeline development
12,UI/UX Designer,DesignStudio,figma|adobe|html,B.Des,Delhi,Design,User interface and experience design
13,Security Engineer,SecureNet,python|security|networking,B.Tech,Chennai,Security,Cybersecurity and network security
14,Cloud Engineer,CloudTech,aws|azure|docker,B.Tech,Hyderabad,Cloud,Cloud infrastructure management
15,Product Manager,ProductCo,agile|analytics|strategy,MBA,Mumbai,Management,Product development and strategy